セット数,日付,カテゴリー,セット数,学習時間（h)
2セット,2026/07/26,英語,2,0.5
2セット,2026/07/25,学び,2,0.5
2セット,2026/07/17,英語,2,0.5
2セット,2026/07/13,英語,2,0.5
2セット,2026/07/12,英語,2,0.5
2セット,2026/07/08,英語,2,0.5
2セット,2026/07/05,英語,2,0.5
2セット,2026/06/17,英語,2,0.5
2セット,2026/06/15,英語,2,0.5
2セット,2026/06/01,英語,2,0.5
2セット,2026/05/03,英語,2,0.5
2セット,2026/05/02,英語,2,0.5
2セット,2026/04/30,英語,2,0.5
2セット,2026/04/28,英語,2,0.5
2セット,2026/04/27,英語,2,0.5
4セット,2026/04/25,英語,4,1
2セット,2026/04/24,英語,2,0.5
2セット,2026/04/22,英語,2,0.5
2セット,2026/04/21,英語,2,0.5
2セット,2026/04/20,英語,2,0.5
2セット,2026/04/09,英語,2,0.5
2セット,2026/04/08,英語,2,0.5
2セット,2026/04/02,英語,2,0.5
4セット,2026/03/30,英語,4,1
2セット,2026/03/28,英語,2,0.5
2セット,2026/03/26,英語,2,0.5
4セット,2026/03/25,英語,4,1
4セット,2026/03/23,英語,4,1
4セット,2026/03/22,英語,4,1
4セット,2026/03/20,英語,4,1
4セット,2026/03/18,英語,4,1
2セット,2026/03/17,英語,2,0.5
2セット,2026/03/16,英語,2,0.5
2セット,2026/03/15,英語,2,0.5
2セット,2026/03/14,英語,2,0.5
4セット,2026/03/12,英語,4,1
2セット,2026/03/03,英語,2,0.5
2セット,2026/03/02,英語,2,0.5
2セット,2026/03/01,英語,2,0.5
2セット,2026/02/28,英語,2,0.5
6セット,2026/02/27,英語,6,1.5
8セット,2026/02/13,学び,8,2
16セット,2026/02/12,学び,16,4
16セット,2026/02/11,学び,16,4
16セット,2026/02/10,学び,16,4
2セット,2026/02/09,学び,2,0.5
2セット,2026/02/06,英語,2,0.5
4セット,2026/02/05,英語,4,1
2セット,2026/02/05,学び,2,0.5
4セット,2026/02/04,英語,4,1
14セット,2026/02/04,学び,14,3.5
8セット,2026/02/03,学び,8,2
4セット,2026/02/03,英語,4,1
12セット,2026/02/02,学び,12,3
4セット,2026/02/02,英語,4,1
2セット,2026/02/01,学び,2,0.5
4セット,2026/01/31,英語,4,1
12セット,2026/01/31,学び,12,3
10セット,2026/01/30,学び,10,2.5
10セット,2026/01/29,学び,10,2.5
2セット,2026/01/28,英語,2,0.5
26セット,2026/01/28,学び,26,6.5
2セット,2026/01/27,英語,2,0.5
16セット,2026/01/27,学び,16,4
36セット,2026/01/26,学び,36,9
4セット,2026/01/26,英語,4,1
2セット,2026/01/25,英語,2,0.5
20セット,2026/01/25,学び,20,5
22セット,2026/01/24,学び,22,5.5
10セット,2026/01/23,学び,10,2.5
2セット,2026/01/22,学び,2,0.5
2セット,2026/01/22,英語,2,0.5
22セット,2026/01/21,学び,22,5.5
22セット,2026/01/20,学び,22,5.5
16セット,2026/01/19,学び,16,4
20セット,2026/01/18,学び,20,5
26セット,2026/01/17,学び,26,6.5
12セット,2026/01/16,学び,12,3
14セット,2026/01/15,学び,14,3.5
26セット,2026/01/14,学び,26,6.5
32セット,2026/01/13,学び,32,8
4セット,2026/01/12,英語,4,1
26セット,2026/01/12,学び,26,6.5
26セット,2026/01/11,学び,26,6.5
14セット,2026/01/10,学び,14,3.5
2セット,2026/01/09,英語,2,0.5
22セット,2026/01/09,学び,22,5.5
2セット,2026/01/08,英語,2,0.5
6セット,2026/01/07,英語,6,1.5
8セット,2026/01/07,学び,8,2
10セット,2026/01/06,英語,10,2.5
16セット,2026/01/06,学び,16,4
2セット,2026/01/05,英語,2,0.5
20セット,2026/01/05,学び,20,5
16セット,2026/01/04,学び,16,4
10セット,2026/01/03,学び,10,2.5
6セット,2025/12/31,学び,6,1.5
6セット,2025/12/30,学び,6,1.5
16セット,2025/12/29,学び,16,4
8セット,2025/12/28,学び,8,2
4セット,2025/12/27,学び,4,1
2セット,2025/12/24,学び,2,0.5
6セット,2025/12/23,学び,6,1.5
2セット,2025/12/22,学び,2,0.5
10セット,2025/12/21,学び,10,2.5
4セット,2025/12/20,学び,4,1
8セット,2025/12/10,英語,8,2
8セット,2025/12/10,学び,8,2
4セット,2025/12/09,英語,4,1
24セット,2025/12/09,学び,24,6
4セット,2025/12/08,英語,4,1
20セット,2025/12/08,学び,20,5
8セット,2025/12/07,学び,8,2
2セット,2025/12/06,英語,2,0.5
12セット,2025/12/06,学び,12,3
4セット,2025/12/05,英語,4,1
20セット,2025/12/05,学び,20,5
10セット,2025/12/04,英語,10,2.5
10セット,2025/12/04,学び,10,2.5
14セット,2025/12/03,英語,14,3.5
8セット,2025/12/03,学び,8,2
12セット,2025/12/02,英語,12,3
10セット,2025/12/02,学び,10,2.5
16セット,2025/12/01,英語,16,4
12セット,2025/12/01,学び,12,3
6セット,2025/11/30,英語,6,1.5
2セット,2025/11/30,学び,2,0.5
16セット,2025/11/29,英語,16,4
8セット,2025/11/28,英語,8,2
2セット,2025/11/27,英語,2,0.5
10セット,2025/11/26,英語,10,2.5
12セット,2025/11/25,英語,12,3
2セット,2025/11/24,英語,2,0.5
2セット,2025/11/22,英語,2,0.5
2セット,2025/11/20,英語,2,0.5
2セット,2025/11/19,英語,2,0.5
2セット,2025/11/16,英語,2,0.5
2セット,2025/11/06,学び,2,0.5
2セット,2025/11/05,学び,2,0.5
2セット,2025/10/30,学び,2,0.5
6セット,2025/10/23,英語,6,1.5
2セット,2025/10/09,英語,2,0.5
2セット,2025/09/19,学び,2,0.5
2セット,2025/09/06,英語,2,0.5
2セット,2025/08/27,学び,2,0.5
2セット,2025/08/27,英語,2,0.5
2セット,2025/08/25,英語,2,0.5
2セット,2025/08/22,学び,2,0.5
2セット,2025/08/22,英語,2,0.5
4セット,2025/08/21,英語,4,1
4セット,2025/08/20,英語,4,1
2セット,2025/08/19,英語,2,0.5
2セット,2025/08/17,英語,2,0.5
4セット,2025/08/16,学び,4,1
6セット,2025/08/16,英語,6,1.5
8セット,2025/08/15,学び,8,2
8セット,2025/08/15,英語,8,2
4セット,2025/08/14,学び,4,1
8セット,2025/08/14,英語,8,2
2セット,2025/08/13,学び,2,0.5
6セット,2025/08/13,英語,6,1.5
6セット,2025/08/12,学び,6,1.5
10セット,2025/08/12,英語,10,2.5
2セット,2025/08/11,学び,2,0.5
6セット,2025/08/11,英語,6,1.5
8セット,2025/08/10,学び,8,2
12セット,2025/08/10,英語,12,3
8セット,2025/08/09,学び,8,2
4セット,2025/08/09,英語,4,1
4セット,2025/08/08,学び,4,1
4セット,2025/08/08,英語,4,1
4セット,2025/08/07,学び,4,1
8セット,2025/08/07,英語,8,2
2セット,2025/08/06,学び,2,0.5
4セット,2025/08/06,英語,4,1
2セット,2025/08/05,学び,2,0.5
6セット,2025/08/05,英語,6,1.5
6セット,2025/08/04,学び,6,1.5
6セット,2025/08/04,英語,6,1.5
4セット,2025/08/03,学び,4,1
4セット,2025/08/03,英語,4,1
8セット,2025/08/02,英語,8,2
4セット,2025/08/02,学び,4,1
6セット,2025/08/01,英語,6,1.5
2セット,2025/08/01,学び,2,0.5
8セット,2025/07/31,英語,8,2
6セット,2025/07/31,学び,6,1.5
6セット,2025/07/30,英語,6,1.5
4セット,2025/07/30,学び,4,1
4セット,2025/07/29,英語,4,1
4セット,2025/07/29,学び,4,1
6セット,2025/07/28,英語,6,1.5
2セット,2025/07/28,学び,2,0.5
6セット,2025/07/27,英語,6,1.5
4セット,2025/07/27,学び,4,1
6セット,2025/07/26,英語,6,1.5
4セット,2025/07/26,学び,4,1
6セット,2025/07/25,英語,6,1.5
2セット,2025/07/25,学び,2,0.5
6セット,2025/07/24,英語,6,1.5
2セット,2025/07/24,学び,2,0.5
4セット,2025/07/23,英語,4,1
2セット,2025/07/22,英語,2,0.5
8セット,2025/07/21,英語,8,2
2セット,2025/07/21,学び,2,0.5
4セット,2025/07/20,英語,4,1
4セット,2025/07/19,英語,4,1
4セット,2025/07/19,学び,4,1
6セット,2025/07/18,英語,6,1.5
2セット,2025/07/18,学び,2,0.5
4セット,2025/07/17,英語,4,1
1セット,2025/07/17,学び,1,0.25
4セット,2025/07/16,英語,4,1
4セット,2025/07/14,英語,4,1
1セット,2025/07/14,学び,1,0.25
6セット,2025/07/13,英語,6,1.5
2セット,2025/07/13,学び,2,0.5
2セット,2025/07/12,英語,2,0.5
4セット,2025/07/11,英語,4,1
4セット,2025/07/10,英語,4,1
4セット,2025/07/08,英語,4,1
4セット,2025/07/08,学び,4,1
2セット,2025/07/07,英語,2,0.5
2セット,2025/07/07,学び,2,0.5
2セット,2025/07/03,英語,2,0.5
2セット,2025/07/02,英語,2,0.5
2セット,2025/07/01,英語,2,0.5
2セット,2025/06/30,英語,2,0.5
2セット,2025/06/29,学び,2,0.5
4セット,2025/06/29,英語,4,1
2セット,2025/06/28,学び,2,0.5
4セット,2025/06/28,英語,4,1
2セット,2025/06/27,英語,2,0.5
4セット,2025/06/26,学び,4,1
4セット,2025/06/26,英語,4,1
2セット,2025/06/25,英語,2,0.5
2セット,2025/05/21,英語,2,0.5
2セット,2025/05/07,英語,2,0.5
4セット,2025/05/06,英語,4,1
2セット,2025/04/14,英語,2,0.5
2セット,2025/04/11,英語,2,0.5
6セット,2025/03/29,学び,6,1.5
4セット,2025/03/28,学び,4,1
4セット,2025/03/26,学び,4,1
2セット,2025/03/25,学び,2,0.5
2セット,2025/03/25,英語,2,0.5
8セット,2025/03/23,学び,8,2
4セット,2025/03/23,英語,4,1
4セット,2025/03/22,学び,4,1
6セット,2025/03/21,英語,6,1.5
12セット,2025/03/20,学び,12,3
6セット,2025/03/20,英語,6,1.5
4セット,2025/03/19,英語,4,1
4セット,2025/03/18,英語,4,1
8セット,2025/03/17,英語,8,2
6セット,2025/03/16,英語,6,1.5
14セット,2025/03/15,英語,14,3.5
4セット,2025/03/14,英語,4,1
4セット,2025/03/13,英語,4,1
2セット,2025/03/12,英語,2,0.5
6セット,2025/03/11,英語,6,1.5
2セット,2025/03/10,学び,2,0.5
4セット,2025/03/10,英語,4,1
14セット,2025/03/09,学び,14,3.5
10セット,2025/03/09,英語,10,2.5
6セット,2025/03/08,学び,6,1.5
8セット,2025/03/08,英語,8,2
4セット,2025/03/07,学び,4,1
6セット,2025/03/07,英語,6,1.5
8セット,2025/03/06,英語,8,2
4セット,2025/03/05,英語,4,1
4セット,2025/03/04,英語,4,1
6セット,2025/03/03,学び,6,1.5
6セット,2025/03/03,英語,6,1.5
6セット,2025/03/01,学び,6,1.5
4セット,2025/03/01,英語,4,1
6セット,2025/02/28,英語,6,1.5
4セット,2025/02/27,学び,4,1
8セット,2025/02/27,英語,8,2
6セット,2025/02/26,学び,6,1.5
6セット,2025/02/26,英語,6,1.5
4セット,2025/02/25,英語,4,1
2セット,2025/02/24,英語,2,0.5
10セット,2025/02/23,学び,10,2.5
10セット,2025/02/23,英語,10,2.5
8セット,2025/02/22,学び,8,2
8セット,2025/02/22,英語,8,2
4セット,2025/02/21,学び,4,1
2セット,2025/02/21,英語,2,0.5
2セット,2025/02/20,英語,2,0.5
4セット,2025/02/18,学び,4,1
4セット,2025/02/18,英語,4,1
8セット,2025/02/17,学び,8,2
2セット,2025/02/17,英語,2,0.5
8セット,2025/02/16,学び,8,2
6セット,2025/02/16,英語,6,1.5
14セット,2025/02/15,学び,14,3.5
4セット,2025/02/15,英語,4,1
2セット,2025/02/14,学び,2,0.5
2セット,2025/02/14,英語,2,0.5
4セット,2025/02/13,学び,4,1
4セット,2025/02/13,英語,4,1
2セット,2025/02/12,学び,2,0.5
6セット,2025/02/12,英語,6,1.5
6セット,2025/02/11,学び,6,1.5
6セット,2025/02/11,英語,6,1.5
2セット,2025/02/10,英語,2,0.5
6セット,2025/02/09,英語,6,1.5
2セット,2025/02/07,学び,2,0.5
4セット,2025/02/07,英語,4,1
4セット,2025/02/06,学び,4,1
4セット,2025/02/06,英語,4,1
2セット,2025/02/05,学び,2,0.5
6セット,2025/02/05,英語,6,1.5
4セット,2025/02/04,学び,4,1
4セット,2025/02/04,英語,4,1
6セット,2025/02/03,学び,6,1.5
8セット,2025/02/03,英語,8,2
2セット,2025/02/02,学び,2,0.5
6セット,2025/02/02,英語,6,1.5
6セット,2025/02/01,学び,6,1.5
14セット,2025/02/01,英語,14,3.5
2セット,2025/01/31,学び,2,0.5
2セット,2025/01/31,英語,2,0.5
2セット,2025/01/29,英語,2,0.5
2セット,2025/01/28,英語,2,0.5
2セット,2025/01/26,英語,2,0.5
4セット,2025/01/24,学び,4,1
4セット,2025/01/24,英語,4,1
2セット,2025/01/23,学び,2,0.5
10セット,2025/01/14,英語,10,2.5
12セット,2025/01/13,英語,12,3
4セット,2025/01/12,英語,4,1
4セット,2025/01/11,学び,4,1
18セット,2025/01/11,英語,18,4.5
2セット,2025/01/10,学び,2,0.5
12セット,2025/01/10,英語,12,3
4セット,2025/01/09,学び,4,1
12セット,2025/01/09,英語,12,3
10セット,2025/01/08,英語,10,2.5
20セット,2025/01/07,英語,20,5
10セット,2025/01/06,英語,10,2.5
10セット,2025/01/05,英語,10,2.5
20セット,2025/01/04,英語,20,5
18セット,2025/01/03,英語,18,4.5
14セット,2025/01/02,英語,14,3.5
16セット,2025/01/01,英語,16,4
16セット,2024/12/31,英語,16,4
12セット,2024/12/30,英語,12,3
12セット,2024/12/29,英語,12,3
10セット,2024/12/28,英語,10,2.5
10セット,2024/12/27,英語,10,2.5
8セット,2024/12/26,英語,8,2
2セット,2024/12/25,英語,2,0.5
8セット,2024/12/24,英語,8,2
4セット,2024/12/23,英語,4,1
6セット,2024/12/22,英語,6,1.5
10セット,2024/12/21,英語,10,2.5
4セット,2024/12/20,英語,4,1
6セット,2024/12/19,英語,6,1.5
6セット,2024/12/18,英語,6,1.5
8セット,2024/12/17,英語,8,2
4セット,2024/12/16,英語,4,1
4セット,2024/12/14,英語,4,1
2セット,2024/12/12,英語,2,0.5
2セット,2024/12/11,英語,2,0.5
4セット,2024/12/10,英語,4,1
2セット,2024/12/09,英語,2,0.5
8セット,2024/12/08,英語,8,2
4セット,2024/12/07,英語,4,1
6セット,2024/12/05,英語,6,1.5
4セット,2024/12/04,英語,4,1
6セット,2024/12/03,英語,6,1.5
10セット,2024/12/02,英語,10,2.5
8セット,2024/12/01,英語,8,2
18セット,2024/11/30,英語,18,4.5
18セット,2024/11/29,英語,18,4.5
14セット,2024/11/28,英語,14,3.5
12セット,2024/11/27,英語,12,3
12セット,2024/11/26,英語,12,3
14セット,2024/11/25,英語,14,3.5
18セット,2024/11/24,英語,18,4.5
4セット,2024/11/23,英語,4,1
20セット,2024/11/22,英語,20,5
12セット,2024/11/21,英語,12,3
2セット,2024/11/20,英語,2,0.5
4セット,2024/11/18,英語,4,1
14セット,2024/11/17,英語,14,3.5
4セット,2024/11/16,英語,4,1
4セット,2024/11/11,英語,4,1
4セット,2024/11/06,英語,4,1
6セット,2024/11/04,英語,6,1.5
6セット,2024/11/03,英語,6,1.5
2セット,2024/11/02,英語,2,0.5
4セット,2024/11/01,英語,4,1
8セット,2024/10/31,英語,8,2
6セット,2024/10/30,英語,6,1.5
8セット,2024/10/29,英語,8,2
2セット,2024/10/28,英語,2,0.5
2セット,2024/10/26,英語,2,0.5
6セット,2024/10/25,英語,6,1.5
6セット,2024/10/24,英語,6,1.5
4セット,2024/10/23,英語,4,1
12セット,2024/10/22,英語,12,3
4セット,2024/10/21,英語,4,1
12セット,2024/10/20,英語,12,3
4セット,2024/10/18,英語,4,1
4セット,2024/10/17,英語,4,1
6セット,2024/10/16,英語,6,1.5
2セット,2024/10/15,英語,2,0.5
26セット,2024/10/14,英語,26,6.5
18セット,2024/10/13,英語,18,4.5
2セット,2024/10/12,英語,2,0.5
14セット,2024/10/11,英語,14,3.5
12セット,2024/10/10,英語,12,3
14セット,2024/10/09,英語,14,3.5
12セット,2024/10/08,英語,12,3
6セット,2024/10/07,英語,6,1.5
22セット,2024/10/06,英語,22,5.5
18セット,2024/10/05,英語,18,4.5
8セット,2024/10/04,英語,8,2
4セット,2024/10/03,英語,4,1
6セット,2024/10/02,英語,6,1.5
8セット,2024/10/01,英語,8,2
4セット,2024/09/30,英語,4,1
16セット,2024/09/29,英語,16,4
18セット,2024/09/28,英語,18,4.5
6セット,2024/09/27,英語,6,1.5
6セット,2024/09/26,英語,6,1.5
16セット,2024/09/25,英語,16,4
16セット,2024/09/24,英語,16,4
28セット,2024/09/23,英語,28,7
30セット,2024/09/22,英語,30,7.5
28セット,2024/09/21,英語,28,7
12セット,2024/09/20,英語,12,3
10セット,2024/09/19,英語,10,2.5
18セット,2024/09/18,英語,18,4.5
12セット,2024/09/17,英語,12,3
28セット,2024/09/16,英語,28,7
32セット,2024/09/15,英語,32,8
14セット,2024/09/14,英語,14,3.5
10セット,2024/09/13,英語,10,2.5
10セット,2024/09/12,英語,10,2.5
12セット,2024/09/11,英語,12,3
18セット,2024/09/10,英語,18,4.5
28セット,2024/09/09,英語,28,7
28セット,2024/09/08,英語,28,7
30セット,2024/09/07,英語,30,7.5
18セット,2024/09/06,英語,18,4.5
12セット,2024/09/05,英語,12,3
6セット,2024/09/04,英語,6,1.5
14セット,2024/09/03,英語,14,3.5
12セット,2024/09/02,英語,12,3
28セット,2024/09/01,英語,28,7
24セット,2024/08/31,英語,24,6
6セット,2024/08/30,英語,6,1.5
10セット,2024/08/29,英語,10,2.5
6セット,2024/08/28,英語,6,1.5
10セット,2024/08/27,英語,10,2.5
2セット,2024/08/26,英語,2,0.5
22セット,2024/08/25,英語,22,5.5
20セット,2024/08/24,英語,20,5
6セット,2024/08/23,英語,6,1.5
6セット,2024/08/22,英語,6,1.5
12セット,2024/08/21,英語,12,3
12セット,2024/08/20,英語,12,3
16セット,2024/08/19,英語,16,4
26セット,2024/08/18,英語,26,6.5
20セット,2024/08/17,英語,20,5
4セット,2024/08/16,英語,4,1
8セット,2024/08/15,英語,8,2
10セット,2024/08/14,英語,10,2.5
4セット,2024/08/10,英語,4,1
3セット,2024/08/09,英語,3,0.75
4セット,2024/08/08,英語,4,1
4セット,2024/08/07,英語,4,1
3セット,2024/08/06,英語,3,0.75
6セット,2024/08/05,英語,6,1.5
4セット,2024/08/03,英語,4,1
8セット,2024/08/02,英語,8,2
10セット,2024/08/01,英語,10,2.5
2セット,2024/07/31,英語,2,0.5
12セット,2024/07/30,英語,12,3
2セット,2024/07/29,英語,2,0.5
14セット,2024/07/28,英語,14,3.5
12セット,2024/07/27,英語,12,3
4セット,2024/07/26,英語,4,1
2セット,2024/07/24,英語,2,0.5
4セット,2024/07/23,英語,4,1
2セット,2024/07/22,英語,2,0.5
4セット,2024/07/21,英語,4,1
4セット,2024/07/20,英語,4,1
6セット,2024/07/19,英語,6,1.5
4セット,2024/07/18,英語,4,1
8セット,2024/07/17,英語,8,2
18セット,2024/07/16,英語,18,4.5
20セット,2024/07/15,英語,20,5
24セット,2024/07/14,英語,24,6
18セット,2024/07/13,英語,18,4.5
4セット,2024/07/12,英語,4,1
6セット,2024/07/11,英語,6,1.5
12セット,2024/07/10,英語,12,3
4セット,2024/07/09,英語,4,1
12セット,2024/07/08,英語,12,3
19セット,2024/07/07,英語,19,4.75
6セット,2024/07/06,英語,6,1.5
4セット,2024/07/05,英語,4,1
14セット,2024/07/04,英語,14,3.5
6セット,2024/07/03,英語,6,1.5
10セット,2024/07/02,英語,10,2.5
6セット,2024/07/01,英語,6,1.5
20セット,2024/06/30,英語,20,5
28セット,2024/06/29,英語,28,7
9セット,2024/06/28,英語,9,2.25
12セット,2024/06/27,英語,12,3
23セット,2024/06/26,英語,23,5.75
21セット,2024/06/25,英語,21,5.25
5セット,2024/06/24,英語,5,1.25
28セット,2024/06/23,英語,28,7
25セット,2024/06/22,英語,25,6.25
19セット,2024/06/21,英語,19,4.75
13セット,2024/06/20,英語,13,3.25
14セット,2024/06/19,英語,14,3.5
14セット,2024/06/18,英語,14,3.5
3セット,2024/06/17,英語,3,0.75
20セット,2024/06/16,英語,20,5
24セット,2024/06/15,英語,24,6
5セット,2024/06/14,英語,5,1.25
14セット,2024/06/13,英語,14,3.5
4セット,2024/06/12,英語,4,1
16セット,2024/06/11,英語,16,4
8セット,2024/06/10,英語,8,2
6セット,2024/06/09,英語,6,1.5
22セット,2024/06/08,英語,22,5.5
13セット,2024/06/07,英語,13,3.25
8セット,2024/06/06,英語,8,2
12セット,2024/06/05,英語,12,3
16セット,2024/06/04,英語,16,4
12セット,2024/06/03,英語,12,3
20セット,2024/06/02,英語,20,5
18セット,2024/06/01,英語,18,4.5
6セット,2024/05/31,英語,6,1.5
6セット,2024/05/30,英語,6,1.5
9セット,2024/05/29,英語,9,2.25
4セット,2024/05/28,英語,4,1
9セット,2024/05/27,英語,9,2.25
14セット,2024/05/26,英語,14,3.5
10セット,2024/05/25,英語,10,2.5
3セット,2024/05/24,英語,3,0.75
1セット,2024/05/23,英語,1,0.25
3セット,2024/05/21,英語,3,0.75
10セット,2024/05/20,英語,10,2.5
10セット,2024/05/19,英語,10,2.5
1セット,2024/05/18,英語,1,0.25
3セット,2024/05/17,英語,3,0.75
8セット,2024/05/11,学び,8,2
12セット,2024/05/06,学び,12,3
12セット,2024/05/05,学び,12,3
2セット,2024/05/04,学び,2,0.5
2セット,2024/05/03,学び,2,0.5
10セット,2024/04/29,学び,10,2.5
1セット,2024/04/28,学び,1,0.25
2セット,2024/04/27,学び,2,0.5
6セット,2024/04/21,学び,6,1.5
17セット,2024/04/20,学び,17,4.25
6セット,2024/04/19,学び,6,1.5
5セット,2024/04/18,学び,5,1.25
7セット,2024/04/17,学び,7,1.75
3セット,2024/04/16,学び,3,0.75
5セット,2024/04/15,学び,5,1.25
14セット,2024/04/14,学び,14,3.5
9セット,2024/04/13,学び,9,2.25
3セット,2024/04/10,学び,3,0.75
6セット,2024/04/08,学び,6,1.5
15セット,2024/04/07,学び,15,3.75
18セット,2024/04/06,学び,18,4.5
12セット,2024/03/31,学び,12,3
4セット,2024/03/30,学び,4,1
4セット,2024/03/29,学び,4,1
5セット,2024/03/28,学び,5,1.25
10セット,2024/03/27,学び,10,2.5
6セット,2024/03/25,学び,6,1.5
10セット,2024/03/23,学び,10,2.5
6セット,2024/03/22,学び,6,1.5
5セット,2024/03/20,学び,5,1.25
2セット,2024/03/18,学び,2,0.5
7セット,2024/03/16,学び,7,1.75
12セット,2024/03/10,学び,12,3
13セット,2024/03/09,学び,13,3.25
4セット,2024/03/03,学び,4,1
2セット,2024/03/02,学び,2,0.5
7セット,2024/02/25,学び,7,1.75
3セット,2024/02/24,学び,3,0.75
8セット,2024/02/23,学び,8,2
3セット,2024/02/22,学び,3,0.75
3セット,2024/02/21,学び,3,0.75
5セット,2024/02/20,学び,5,1.25
4セット,2024/02/19,学び,4,1
7セット,2024/02/18,学び,7,1.75
6セット,2024/02/17,学び,6,1.5
4セット,2024/02/16,学び,4,1
3セット,2024/02/15,学び,3,0.75
4セット,2024/02/14,学び,4,1
5セット,2024/02/13,学び,5,1.25
16セット,2024/02/12,学び,16,4
18セット,2024/02/11,学び,18,4.5
17セット,2024/02/10,学び,17,4.25
10セット,2024/02/09,学び,10,2.5
11セット,2024/02/08,学び,11,2.75
11セット,2024/02/07,学び,11,2.75
10セット,2024/02/06,学び,10,2.5
16セット,2024/02/05,学び,16,4
14セット,2024/02/04,学び,14,3.5
13セット,2024/02/03,学び,13,3.25
3セット,2024/02/02,学び,3,0.75
10セット,2024/02/01,学び,10,2.5
8セット,2024/01/31,学び,8,2
5セット,2024/01/30,学び,5,1.25
12セット,2024/01/29,学び,12,3
12セット,2024/01/28,学び,12,3
17セット,2024/01/27,学び,17,4.25
6セット,2024/01/25,学び,6,1.5
4セット,2024/01/24,学び,4,1
3セット,2024/01/23,学び,3,0.75
8セット,2024/01/22,学び,8,2
5セット,2024/01/21,学び,5,1.25
15セット,2024/01/20,学び,15,3.75
4セット,2024/01/19,学び,4,1
3セット,2024/01/18,学び,3,0.75
3セット,2024/01/17,学び,3,0.75
5セット,2024/01/16,学び,5,1.25
7セット,2024/01/15,学び,7,1.75
16セット,2024/01/14,学び,16,4
13セット,2024/01/13,学び,13,3.25
1セット,2024/01/12,学び,1,0.25
8セット,2024/01/11,学び,8,2
7セット,2024/01/10,学び,7,1.75
10セット,2024/01/09,学び,10,2.5
17セット,2024/01/08,学び,17,4.25
6セット,2024/01/07,学び,6,1.5
17セット,2024/01/06,学び,17,4.25
3セット,2024/01/05,学び,3,0.75
7セット,2024/01/04,学び,7,1.75
12セット,2024/01/03,学び,12,3
5セット,2024/01/02,学び,5,1.25
12セット,2024/01/01,学び,12,3